name,address,postalZip
Josephine Wiggins,6228 Nunc. Street,62857
Howard Horne,748-9522 Accumsan St.,155819
Abigail Stout,8654 Luctus St.,8881-7743
Cairo Hatfield,307-3417 Eget Rd.,9064 LD
Evangeline Washington,8181 Dolor Ave,EQ5 6QP
Ima Smith,"P.O. Box 368, 9751 Tincidunt, Road",27237
Moana Cook,254-7856 Posuere Rd.,53411
Hedda Stephens,613-622 Eros Ave,71233
Vielka Fischer,690-757 Nulla Road,922432
Porter Barker,"P.O. Box 198, 1733 At Ave",94793
Chester Hammond,Ap #516-2651 Nisi Rd.,41101
Emma Burgess,Ap #222-8114 Orci. Avenue,66669
Gray Brennan,429-6569 Vitae Ave,50118
Lyle Ewing,"P.O. Box 156, 9424 Sociosqu Rd.",41903
Hamilton O'Neill,Ap #595-5026 Sociosqu Rd.,17-72
Chanda Velasquez,Ap #776-456 Aliquam Street,3356
Kenyon Britt,Ap #480-8995 Nulla. Avenue,20660-359
Lucas Heath,"Ap #459-5084 Lectus, Rd.",30303
Shaeleigh James,468-4130 Blandit Street,522552
Zoe Blair,"P.O. Box 320, 8559 In, Rd.",74172
Zena Landry,270-8399 Velit. Rd.,98889-738
Sheila Stephens,113-4345 Nec Avenue,5918
Althea Hernandez,"961-1310 Eu, Rd.",242312
Dustin Cummings,"Ap #332-2087 Vulputate, Ave",25263
Emma Cooper,Ap #269-8496 Neque St.,42418
Yetta Holt,Ap #811-4039 Turpis Avenue,27325
Lars Marshall,388-2080 Aliquet Rd.,23-57
Phelan Briggs,907-7537 Cursus Ave,9468
Ria Ballard,"P.O. Box 356, 3915 Turpis Rd.",20155
Kadeem Wilder,Ap #748-410 Etiam Av.,61624
Colin Burns,"324-1116 Orci, St.",65659
Nigel Matthews,6957 Nec St.,546672
David Witt,593-9967 Nec Rd.,65120-96387
Blossom Farmer,"P.O. Box 346, 6320 Pede, Rd.",783288
Catherine Gardner,779-4899 Elit Av.,17288
Noelani Daniel,851-4452 Phasellus St.,877676
Chester Coleman,270-7750 Enim Road,463282
Amery Bray,144-7399 Mauris Road,44716
Mariko Hopkins,262-9466 Est. St.,187383
Chandler White,Ap #189-5458 Arcu. Avenue,635841
Alden Wade,"834-9686 Est, St.",25211
Marah Olson,Ap #661-1566 Lacus. Ave,007023
Zenaida Acosta,Ap #638-5216 Conubia Avenue,4469
Calista Estes,"P.O. Box 351, 1628 Ullamcorper Rd.",4525
Dieter Strong,Ap #311-3786 Tristique Rd.,3268
Baxter Vinson,6501 In Rd.,5487
Scott Olson,"P.O. Box 671, 5362 Sit Ave",49046-35754
Adara Chaney,121-3394 Sem. Av.,4621
Audrey Cleveland,754-653 Dignissim. Street,906102
Basia Webster,168-164 Turpis St.,76-89
